Name,Company,Budget,Requirement,Timeline,Decision_Maker
Arun Kumar,ABC Technologies,180000,AI Chatbot,2 weeks,Yes
Priya S,Bright Retail,75000,E-commerce Website,1 month,Yes
Karthik R,Green Foods,45000,Website,3 months,No
Divya M,NextGen Solutions,150000,CRM Automation,2 weeks,Yes
Vignesh P,Smart Logistics,95000,AI Dashboard,1 month,Yes
Sathish K,BlueWave Traders,30000,Website,6 months,No
Meena R,UrbanCare,125000,Customer Support Bot,1 month,Yes
Rahul S,TechPoint,220000,AI Automation,1 week,Yes
Naveen Kumar,FreshMart,60000,Mobile App,2 months,No
Anitha P,EduWorld,110000,Learning Platform,1 month,Yes
Dinesh V,CloudServe,85000,Cloud Dashboard,2 weeks,Yes
Swetha R,FashionHub,40000,E-commerce Website,4 months,No
Manoj K,BuildPro,175000,Project Management App,1 month,Yes
Harish M,QuickDelivery,130000,Delivery Tracking System,2 weeks,Yes
Keerthana S,WellnessCare,55000,Appointment System,3 months,No
Gokul R,Prime Motors,200000,CRM System,1 month,Yes
Sanjay P,FoodBox,70000,Food Ordering Website,2 months,Yes
Lavanya M,SkillUp Academy,45000,Online Course Website,5 months,No
Mohan K,SecureBank Services,250000,AI Fraud Detection,2 weeks,Yes
Deepa R,HomeStyle,90000,E-commerce Website,1 month,Yes
Ajay S,TravelNest,35000,Travel Website,6 months,No
Pavithra K,MediPlus,145000,Healthcare Chatbot,1 month,Yes
Vijay M,AutoWorks,80000,Inventory System,2 months,No
Harini S,GreenLeaf Organics,50000,Business Website,3 months,Yes
Praveen R,DataVision,190000,Data Analytics Dashboard,2 weeks,Yes
Aishwarya P,BookWorld,65000,Online Store,2 months,No
Suresh K,LogiTrack,105000,Logistics Automation,1 month,Yes
Nithya M,CarePoint,28000,Website,6 months,No
Ramesh S,InfoTech Labs,160000,AI Assistant,1 month,Yes
Shalini R,BeautyZone,52000,Booking Website,3 months,Yes
Bharath K,AgriGrow,115000,Farm Management App,2 weeks,Yes
Monisha P,EventPro,38000,Event Website,5 months,No
Yogesh M,RetailMax,140000,Sales Automation,1 month,Yes
Ramya S,LearnTech,72000,Education App,2 months,Yes
Aravind K,FinServe,210000,Financial Dashboard,1 week,Yes
Janani R,StyleStreet,47000,E-commerce Website,4 months,No
Vimal P,ManufacturePro,98000,Inventory Automation,1 month,Yes
Sowmya M,HealthFirst,135000,Patient Management System,2 weeks,Yes
Kiran S,LocalMart,25000,Simple Website,6 months,No
Ashok R,AI Ventures,230000,Generative AI Solution,1 month,Yes
Rohit K,MediaWorks,68000,Content Management System,2 months,No
Dhivya P,SchoolPlus,92000,School Management System,1 month,Yes
Senthil M,RealtyPro,155000,Property Management App,2 weeks,Yes
Keerthi S,CafeConnect,42000,Online Ordering Website,3 months,No
Surya K,TechBridge,118000,AI Customer Support,1 month,Yes
Nandhini R,FashionKart,58000,Shopping Website,2 months,Yes
Vasanth P,TransportHub,88000,Fleet Management System,3 months,No
Raji M,OfficePlus,32000,Business Website,5 months,No
Lokesh K,CyberSecure,195000,Cybersecurity Dashboard,2 weeks,Yes
Gayathri S,FoodFresh,76000,Food Delivery App,1 month,Yes
